state,year,highway,gsp,totpub,pvtcap,area,roway,tcapo,tmant,capui,capul,caput,mntui,mntul,mntut,capri,caprl,caprt,mntri,mntrl,mntrt,capti,captl,captt,mntti,mnttl,mnttt,milri,milrl,milrt,milui,miluf,milul,milut,miltt,umilgt4,umille4,rmilgt4,rmille4,rpassveh,rtusing,rtrucom,upassveh,utrusing,utrucomb,alaska,newyork,californ,sotheas,midwest,mortheas,vmtri,vmtrl,vmtrt,vmtui,vmtuf,vmtul,vmtut,cstatmh,cstadmrd,cfedroad,ctal,mstadmh,mladmrd,mredroad,mtal,adm_misc,law_safe,interest,bondret,tdisb,pgsal93,pgsal94,pbcon93,pexcav93,prestl93,pststl93,pstcon93,pop90,sqmiles,popdens,bondrate,locshr97,statenam
AL,1988.0,8905.74,53547.0,20204.46,66008.17,52423.0,41714000.0,470000000.0,342000000.0,125348.0,77005.0,202353.0,7008.0,87510.0,94518.0,29484.0,238395.0,267879.0,7412.0,55938.0,63350.0,154832.0,315400.0,470232.0,14420.0,143448.0,157868.0,602.0,72226.0,72828.0,297.0,21.0,19063.0,19381.0,92209.0,43.0,254.0,0.0,602.0,56.0,16.9,27.1,72.7,14.3,13.0,0.0,0.0,0.0,1.0,0.0,0.0,4442.0,18361.0,22803.0,4208.0,326.0,18425.0,22959.0,372518.0,42839.0,974.0,416331.0,134450.0,299897.0,14.0,434361.0,72558.0,57359.0,11128.0,20436.0,1012173.0,25028.0,26376.0,25.49,1.6,0.419,0.862,217.9,4089.0,52423.0,78.000114,AA,0.8740119,Alabama
AK,1988.0,0.0,0.0,0.0,0.0,0.0,0.0,0.0,0.0,35459.0,71217.0,106676.0,1369.0,19907.0,21276.0,50659.0,84665.0,135324.0,3744.0,8380.0,12124.0,86118.0,155882.0,242000.0,5113.0,28287.0,33400.0,1003.0,11104.0,12107.0,54.0,0.0,1688.0,1742.0,13849.0,10.0,44.0,0.0,1003.0,57.9,39.7,2.4,85.1,14.2,0.7,1.0,0.0,0.0,0.0,0.0,0.0,677.0,1328.0,2005.0,450.0,0.0,1386.0,1836.0,213000.0,60888.0,4942.0,278830.0,121900.0,34166.0,831.0,156897.0,30088.0,40116.0,13411.0,21623.0,540965.0,37943.0,38889.0,31.89,1.89,0.464,1.161,855.03,570.0,591004.0,0.9644605,AA,0.41905433,Alaska
AZ,1988.0,7955.02,50630.0,23693.97,48932.84,114006.0,216000000.0,1070000000.0,199000000.0,48078.0,229257.0,277335.0,0.0,0.0,0.0,66574.0,136890.0,203464.0,0.0,0.0,0.0,114652.0,366147.0,480799.0,0.0,0.0,68839.0,987.0,38436.0,39423.0,202.0,70.0,16068.0,16340.0,55763.0,54.0,148.0,0.0,987.0,57.7,26.0,16.3,58.7,33.2,8.1,0.0,0.0,0.0,0.0,0.0,0.0,5110.0,8678.0,13788.0,3003.0,1344.0,16912.0,21259.0,488274.0,205236.0,19046.0,712556.0,68907.0,84516.0,10641.0,164064.0,70527.0,78446.0,154305.0,359239.0,1539137.0,24995.0,25906.0,22.42,5.21,0.354,1.62,206.73,3750.0,114006.0,32.893005,XX,0.6363506,Arizona
AR,1988.0,4829.36,29802.0,10411.96,34924.26,53182.0,11366000.0,307000000.0,197000000.0,6623.0,132474.0,139097.0,1387.0,24221.0,25608.0,26357.0,196878.0,223235.0,7154.0,60650.0,67804.0,32980.0,329352.0,362332.0,8541.0,84871.0,93412.0,412.0,69185.0,69597.0,131.0,94.0,7370.0,7595.0,77192.0,45.0,86.0,3.0,409.0,56.5,13.4,30.1,68.8,14.8,16.4,0.0,0.0,0.0,1.0,0.0,0.0,3140.0,11908.0,15048.0,1758.0,717.0,5558.0,8033.0,325826.0,72239.0,868.0,398933.0,113232.0,130379.0,310.0,243921.0,42524.0,45163.0,661.0,449.0,731651.0,22793.0,23336.0,26.28,1.31,0.544,0.674,259.97,2372.0,53182.0,44.60156,AA,0.80452496,Arkansas
CA,1988.0,42835.42,528674.0,145321.6,400653.1,163707.0,244000000.0,2220000000.0,1560000000.0,513828.0,881208.0,1395036.0,51921.0,80647.0,132568.0,61578.0,678709.0,740287.0,44901.0,164991.0,209892.0,575406.0,1559917.0,2135323.0,96822.0,245638.0,342460.0,1356.0,86784.0,88140.0,1067.0,1393.0,78601.0,81061.0,169201.0,940.0,127.0,286.0,1070.0,69.3,17.2,13.5,86.2,11.0,2.8,0.0,0.0,1.0,0.0,0.0,0.0,14322.0,37875.0,52197.0,52566.0,42332.0,115453.0,210351.0,2089004.0,1700434.0,15983.0,3805421.0,511977.0,1474922.0,1685.0,1988584.0,1046908.0,1182559.0,58263.0,35336.0,8117071.0,33080.0,33795.0,28.79,3.15,0.414,1.07,256.86,30380.0,163707.0,185.57545,A1,0.7894209,California
CO,1988.0,6574.39,52117.0,20639.31,51304.57,104100.0,34119000.0,536000000.0,312000000.0,92615.0,88050.0,180665.0,7308.0,36948.0,44256.0,80658.0,79953.0,160611.0,18067.0,62885.0,80952.0,173273.0,168003.0,341276.0,25375.0,99833.0,125208.0,768.0,65050.0,65818.0,186.0,216.0,12501.0,12903.0,78721.0,62.0,124.0,21.0,747.0,79.3,5.3,15.4,92.7,3.9,3.4,0.0,0.0,0.0,0.0,0.0,0.0,3661.0,8913.0,12574.0,3793.0,2406.0,12035.0,18234.0,386491.0,179430.0,3453.0,569374.0,128060.0,236345.0,921.0,365326.0,52531.0,96886.0,43258.0,63757.0,1191132.0,27380.0,28148.0,28.35,2.48,0.362,0.79,201.17,3377.0,104091.0,32.44277,X,0.7930033,Colorado
CN,1988.0,7236.71,70125.0,17871.09,46318.68,5544.0,20418000.0,537000000.0,259000000.0,183530.0,329367.0,512897.0,3246.0,26674.0,29920.0,30305.0,44920.0,75225.0,1366.0,18028.0,19394.0,213835.0,374287.0,588122.0,4612.0,44702.0,49314.0,101.0,8713.0,8814.0,242.0,197.0,11104.0,11543.0,20357.0,168.0,74.0,22.0,79.0,79.5,13.1,7.4,83.2,12.0,4.8,0.0,0.0,0.0,0.0,0.0,1.0,1357.0,4711.0,6068.0,6758.0,2623.0,11010.0,20391.0,691154.0,70521.0,0.0,761675.0,60753.0,156338.0,0.0,217091.0,75613.0,17130.0,168579.0,206380.0,1446468.0,35320.0,36143.0,32.4,5.33,0.631,0.887,336.99,3291.0,5544.0,593.61475,AA,0.8074486,Connecticut
DE,1988.0,2112.78,11427.0,4681.46,12209.28,2489.0,22363000.0,157000000.0,49904000.0,22297.0,87042.0,109339.0,3083.0,25363.0,28446.0,0.0,96196.0,96196.0,0.0,673.0,673.0,22297.0,183238.0,205535.0,3083.0,26036.0,29119.0,0.0,3675.0,3675.0,41.0,9.0,1819.0,1869.0,5544.0,30.0,11.0,0.0,0.0,100.0,0.0,0.0,63.5,25.2,11.3,0.0,0.0,0.0,1.0,0.0,0.0,0.0,2685.0,2685.0,989.0,38.0,3180.0,4207.0,193959.0,3375.0,14559.0,211893.0,55562.0,8148.0,0.0,63710.0,50696.0,36496.0,46059.0,26331.0,435185.0,28593.0,29298.0,26.85,3.4,0.632,0.632,261.13,680.0,2489.0,273.2021,AA1,0.116742395,Delaware
DC,0.0,0.0,0.0,0.0,0.0,0.0,0.0,0.0,0.0,21573.0,86621.0,108194.0,1848.0,26106.0,27954.0,0.0,0.0,0.0,0.0,0.0,0.0,21573.0,86621.0,108194.0,1848.0,26106.0,27954.0,0.0,0.0,0.0,14.0,19.0,1074.0,1107.0,1107.0,10.0,4.0,0.0,0.0,100.0,0.0,0.0,97.1,2.6,0.3,0.0,0.0,0.0,1.0,0.0,0.0,0.0,0.0,0.0,469.0,393.0,2700.0,3562.0,0.0,101042.0,5176.0,106218.0,0.0,28524.0,12.0,28536.0,19715.0,0.0,73135.0,46061.0,273665.0,43855.0,46872.0,54.49,10.13,0.488,0.898,616.0,598.0,67.0,8925.373,X,0.007719298,Dist. of Columbia
FL,1988.0,19987.9,170213.0,59950.37,154057.4,65758.0,247000000.0,1880000000.0,801000000.0,225241.0,864268.0,1089509.0,3581.0,111397.0,114978.0,94234.0,501226.0,595460.0,8772.0,73647.0,82419.0,319475.0,1365494.0,1684969.0,12353.0,185044.0,197397.0,1019.0,62611.0,63630.0,424.0,284.0,48470.0,49178.0,112808.0,205.0,219.0,100.0,919.0,74.8,11.9,13.3,82.3,11.7,6.0,0.0,0.0,0.0,1.0,0.0,0.0,10183.0,24818.0,35001.0,12034.0,4319.0,68514.0,84867.0,1440203.0,681642.0,682.0,2122527.0,282812.0,366381.0,312.0,649505.0,428351.0,271756.0,232516.0,153681.0,3858336.0,27116.0,27315.0,19.02,2.51,0.377,0.66,320.1,13277.0,65758.0,201.907,AA,0.8829295,Florida
GA,1988.0,12440.08,99059.0,34290.46,93342.2,59441.0,77468000.0,741000000.0,530000000.0,169131.0,255256.0,424387.0,6644.0,44293.0,50937.0,56115.0,257194.0,313309.0,6110.0,106470.0,112580.0,225246.0,512450.0,737696.0,12754.0,150763.0,163517.0,809.0,83796.0,84605.0,434.0,167.0,25673.0,26274.0,110879.0,271.0,163.0,115.0,694.0,61.1,19.3,19.6,66.7,24.9,8.4,0.0,0.0,0.0,1.0,0.0,0.0,8419.0,23753.0,32172.0,11889.0,1646.0,32197.0,45732.0,699149.0,174244.0,724.0,874117.0,185909.0,260614.0,15.0,446538.0,113627.0,127181.0,46645.0,300966.0,1909074.0,24431.0,24890.0,30.47,2.14,0.399,0.868,308.24,6623.0,59441.0,111.42141,AAA,0.82965803,Georgia
HA,0.0,0.0,0.0,0.0,0.0,0.0,0.0,0.0,0.0,191402.0,39912.0,231314.0,1960.0,4246.0,6206.0,20447.0,51985.0,72432.0,700.0,8175.0,8875.0,211849.0,91897.0,303746.0,2660.0,12421.0,15081.0,0.0,2307.0,2307.0,44.0,53.0,1702.0,1799.0,4106.0,38.0,6.0,0.0,0.0,100.0,0.0,0.0,79.3,20.1,0.6,0.0,0.0,0.0,0.0,0.0,0.0,0.0,2148.0,2148.0,1533.0,804.0,3581.0,5918.0,316797.0,23410.0,263.0,340470.0,19793.0,50294.0,0.0,70087.0,38613.0,16365.0,18968.0,22637.0,507140.0,30420.0,31136.0,65.14,18.58,0.585,0.585,616.43,1135.0,6470.0,175.42503,AA,0.72869146,Hawaii
ID,1988.0,3010.18,12432.0,5118.46,14216.9,83574.0,5106000.0,186000000.0,116000000.0,762.0,7891.0,8653.0,346.0,824.0,1170.0,41236.0,75044.0,116280.0,2307.0,17980.0,20287.0,41998.0,82935.0,124933.0,2653.0,18804.0,21457.0,532.0,54887.0,55419.0,79.0,0.0,3337.0,3416.0,58835.0,2.0,77.0,0.0,532.0,47.8,31.5,20.7,61.0,31.3,7.7,0.0,0.0,0.0,0.0,0.0,0.0,1667.0,5540.0,7207.0,741.0,0.0,2816.0,3557.0,111528.0,42830.0,6609.0,160967.0,49296.0,84059.0,1212.0,134567.0,43930.0,14397.0,341.0,545.0,354747.0,22276.0,23261.0,21.82,2.79,0.482,0.714,242.58,1039.0,83574.0,12.4320965,X,0.5206651,Idaho
IL,1988.0,28835.59,200874.0,66247.07,179351.0,57918.0,45186000.0,1580000000.0,810000000.0,365359.0,334974.0,700333.0,36813.0,124266.0,161079.0,212843.0,556580.0,769423.0,21476.0,74427.0,95903.0,578202.0,891554.0,1469756.0,58289.0,198693.0,256982.0,1421.0,100363.0,101784.0,630.0,80.0,34471.0,35181.0,136965.0,311.0,319.0,28.0,1393.0,64.7,12.8,22.5,78.1,14.9,7.0,0.0,0.0,0.0,0.0,1.0,0.0,8428.0,19826.0,28254.0,14447.0,1047.0,43894.0,59388.0,1443338.0,507931.0,56.0,1951325.0,291073.0,701587.0,490.0,993150.0,260011.0,126439.0,129070.0,115485.0,3575480.0,29712.0,30507.0,29.97,4.26,0.605,0.868,387.64,11543.0,57918.0,199.29901,A1,0.8740166,Illinois
IN,1988.0,10713.72,82918.0,25296.76,93894.82,36420.0,15829000.0,538000000.0,413000000.0,92677.0,234936.0,327613.0,8989.0,26980.0,35969.0,130626.0,177392.0,308018.0,38619.0,114821.0,153440.0,223303.0,412328.0,635631.0,47608.0,141801.0,189409.0,825.0,72287.0,73112.0,313.0,135.0,18814.0,19262.0,92374.0,127.0,186.0,37.0,788.0,59.2,16.3,24.5,68.7,16.8,14.5,0.0,0.0,0.0,0.0,1.0,0.0,6646.0,22606.0,29252.0,5537.0,774.0,21509.0,27820.0,567006.0,218588.0,0.0,785594.0,201342.0,214625.0,510.0,416477.0,195916.0,41838.0,52231.0,12687.0,1504743.0,25309.0,25876.0,22.9,6.97,0.474,0.811,295.89,5610.0,36420.0,154.03624,X,0.87873,Indiana
IA,1988.0,10535.56,40546.0,18590.01,45936.2,56276.0,14834000.0,451000000.0,357000000.0,43819.0,76501.0,120320.0,3325.0,5805.0,9130.0,72276.0,220044.0,292320.0,12509.0,37006.0,49515.0,116095.0,296545.0,412640.0,15834.0,42811.0,58645.0,636.0,102854.0,103490.0,147.0,0.0,9071.0,9218.0,112708.0,45.0,102.0,30.0,606.0,58.5,13.3,28.2,71.8,12.9,15.3,0.0,0.0,0.0,0.0,1.0,0.0,3406.0,11958.0,15364.0,1554.0,0.0,7008.0,8562.0,400691.0,225814.0,9.0,626514.0,100801.0,317012.0,25.0,417838.0,95273.0,66895.0,23439.0,53258.0,1283217.0,24183.0,24735.0,22.93,2.17,0.43,0.782,242.23,2795.0,56276.0,49.66593,X,0.9090627,Iowa
KS,1988.0,7667.17,39640.0,15429.52,52841.45,82282.0,5351000.0,324000000.0,334000000.0,42397.0,72203.0,114600.0,14987.0,16041.0,31028.0,34629.0,284369.0,318998.0,17531.0,41016.0,58547.0,77026.0,356572.0,433598.0,32518.0,57057.0,89575.0,698.0,122978.0,123676.0,173.0,128.0,9279.0,9580.0,133256.0,73.0,100.0,0.0,698.0,62.8,18.0,19.2,69.1,25.5,5.4,0.0,0.0,0.0,0.0,1.0,0.0,2573.0,10317.0,12890.0,2233.0,905.0,8135.0,11273.0,352267.0,112971.0,2.0,465240.0,81227.0,195447.0,490.0,277164.0,183109.0,275074.0,44942.0,142628.0,1388157.0,22923.0,23243.0,24.42,2.15,0.553,0.755,279.65,2495.0,82282.0,30.32255,X,0.919403,Kansas
KY,1988.0,12137.85,52388.0,21031.07,55668.5,40411.0,29127000.0,643000000.0,222000000.0,0.0,0.0,0.0,0.0,0.0,0.0,0.0,0.0,0.0,0.0,0.0,0.0,0.0,0.0,0.0,0.0,0.0,0.0,540.0,61953.0,62493.0,221.0,93.0,9825.0,10139.0,72632.0,85.0,136.0,27.0,513.0,55.1,23.9,21.0,68.0,25.4,6.6,0.0,0.0,0.0,1.0,0.0,0.0,4737.0,16656.0,21393.0,4384.0,559.0,11726.0,16669.0,683377.0,157425.0,2502.0,843304.0,152045.0,111117.0,41.0,263203.0,88047.0,109820.0,103564.0,143452.0,1551390.0,23908.0,24444.0,28.41,7.43,0.513,0.792,307.8,3713.0,40411.0,91.88092,AA,0.6172995,Kentucky
LA,1988.0,13572.38,72105.0,27147.89,129066.9,51843.0,64882000.0,591000000.0,188000000.0,94588.0,238373.0,332961.0,2688.0,7909.0,10597.0,56281.0,209593.0,265874.0,1136.0,59761.0,60897.0,150869.0,447966.0,598835.0,3824.0,67670.0,71494.0,608.0,45225.0,45833.0,263.0,45.0,13458.0,13766.0,59599.0,87.0,176.0,7.0,601.0,57.0,27.1,15.9,63.8,25.0,11.2,0.0,0.0,0.0,1.0,0.0,0.0,4197.0,12860.0,17057.0,3847.0,488.0,12463.0,16798.0,650766.0,154691.0,104.0,805561.0,59191.0,194618.0,210.0,254019.0,85661.0,116970.0,107470.0,107504.0,1477185.0,22383.0,22775.0,28.62,5.79,0.325,0.685,215.76,4252.0,51843.0,82.01686,BAA1,0.7150977,Louisiana
ME,1988.0,2547.35,17896.0,5147.52,15292.81,35387.0,2722000.0,117000000.0,176000000.0,4420.0,50380.0,54800.0,363.0,7371.0,7734.0,22864.0,60801.0,83665.0,18472.0,50372.0,68844.0,27284.0,111181.0,138465.0,18835.0,57743.0,76578.0,312.0,19615.0,19927.0,54.0,17.0,2512.0,2583.0,22510.0,1.0,53.0,13.0,299.0,62.5,26.1,11.4,74.7,22.0,3.3,0.0,0.0,0.0,0.0,0.0,1.0,1725.0,7239.0,8964.0,480.0,95.0,2612.0,3187.0,143850.0,15420.0,446.0,159716.0,114900.0,98260.0,153.0,213313.0,17086.0,42300.0,12015.0,15933.0,460363.0,24466.0,25076.0,24.53,4.24,0.811,0.806,300.09,1235.0,35387.0,34.899822,AA,0.61409706,Maine
MD,1988.0,11768.02,73671.0,31062.85,56167.54,12407.0,105000000.0,1020000000.0,296000000.0,79085.0,154176.0,233261.0,6980.0,84597.0,91577.0,113671.0,124701.0,238372.0,6588.0,2582.0,9170.0,192756.0,278877.0,471633.0,13568.0,87179.0,100747.0,227.0,15415.0,15642.0,255.0,224.0,13192.0,13671.0,29313.0,187.0,68.0,123.0,104.0,63.7,17.2,19.1,65.3,33.5,1.2,0.0,0.0,0.0,1.0,0.0,0.0,2913.0,9889.0,12802.0,9086.0,3406.0,16602.0,29094.0,511583.0,232055.0,14907.0,758545.0,149131.0,200106.0,0.0,349237.0,108364.0,161614.0,81688.0,330508.0,1789956.0,32930.0,34052.0,26.2,2.48,0.505,0.808,286.69,4860.0,12407.0,391.71436,AAA,0.8041644,Maryland
MA,1988.0,9194.59,116523.0,32265.09,80736.98,10555.0,48478000.0,857000000.0,400000000.0,0.0,0.0,0.0,0.0,0.0,0.0,0.0,0.0,0.0,0.0,0.0,0.0,0.0,0.0,0.0,0.0,0.0,0.0,162.0,10765.0,10927.0,403.0,199.0,19034.0,19636.0,30563.0,323.0,80.0,59.0,103.0,74.8,15.5,9.7,85.4,11.0,3.6,0.0,0.0,0.0,0.0,0.0,1.0,2176.0,6615.0,8791.0,10733.0,4490.0,23334.0,38557.0,871763.0,141997.0,40.0,1013800.0,146150.0,244043.0,0.0,390193.0,214814.0,177051.0,174108.0,245634.0,2215600.0,31609.0,33039.0,28.96,3.17,0.719,0.683,93.8,5996.0,10555.0,568.072,A1,0.89364433,Massachusetts
MI,1988.0,18795.61,145444.0,49760.76,137614.7,96810.0,27093000.0,670000000.0,741000000.0,261891.0,64799.0,326690.0,44295.0,9639.0,53934.0,71861.0,162943.0,234804.0,13758.0,26571.0,40329.0,333752.0,227742.0,561494.0,58053.0,36210.0,94263.0,741.0,88744.0,89485.0,499.0,221.0,27454.0,28174.0,117659.0,301.0,198.0,92.0,649.0,72.2,18.6,9.2,72.7,19.5,7.8,0.0,0.0,0.0,0.0,1.0,0.0,5614.0,25620.0,31234.0,12601.0,3965.0,36419.0,52985.0,546839.0,276700.0,31.0,823570.0,138763.0,642977.0,300.0,782040.0,205891.0,201637.0,35674.0,44873.0,2093685.0,30074.0,30740.0,26.64,3.23,0.557,1.1,268.24,9368.0,96810.0,96.76686,A1,0.9190062,Michigan
MN,1988.0,13417.77,73407.0,30670.27,66077.3,86943.0,50735000.0,982000000.0,493000000.0,75321.0,372047.0,447368.0,6115.0,34480.0,40595.0,14920.0,145839.0,160759.0,5342.0,51908.0,57250.0,90241.0,517886.0,608127.0,11457.0,86388.0,97845.0,681.0,114392.0,115073.0,233.0,130.0,14523.0,14886.0,129959.0,106.0,127.0,20.0,661.0,76.4,12.7,10.9,83.1,12.5,4.4,0.0,0.0,0.0,0.0,1.0,0.0,3201.0,16769.0,19970.0,5320.0,2216.0,13656.0,21192.0,587390.0,689936.0,163.0,1277489.0,144894.0,395181.0,1508.0,541583.0,146484.0,180927.0,56605.0,127591.0,2330679.0,28052.0,28807.0,19.28,1.58,0.447,0.825,150.76,4432.0,86943.0,50.975925,AA1,0.8862966,Minnesota
MS,1988.0,6702.66,31247.0,12439.9,35823.48,48434.0,16691000.0,353000000.0,241000000.0,29423.0,91401.0,120824.0,770.0,2241.0,3011.0,33549.0,279203.0,312752.0,3231.0,31588.0,34819.0,62972.0,370604.0,433576.0,4001.0,33829.0,37830.0,558.0,64372.0,64930.0,127.0,40.0,7737.0,7904.0,72834.0,0.0,127.0,0.0,558.0,63.9,17.2,18.9,68.1,16.3,15.6,0.0,0.0,0.0,1.0,0.0,0.0,2951.0,14570.0,17521.0,1383.0,185.0,7150.0,8718.0,332638.0,119737.0,3341.0,455716.0,54704.0,188186.0,591.0,243481.0,33114.0,64869.0,31566.0,57622.0,886368.0,20777.0,21643.0,29.17,1.65,0.334,0.74,211.04,2592.0,48434.0,53.516125,AA,0.8440328,Mississippi
MO,1988.0,11494.67,77844.0,24607.52,75102.29,69709.0,24073000.0,537000000.0,424000000.0,77983.0,107018.0,185001.0,22339.0,13394.0,35733.0,60904.0,254227.0,315131.0,16829.0,103110.0,119939.0,138887.0,361245.0,500132.0,39168.0,116504.0,155672.0,812.0,104825.0,105637.0,366.0,276.0,15508.0,16150.0,121787.0,210.0,156.0,5.0,807.0,63.7,12.0,24.3,80.2,14.6,5.2,0.0,0.0,0.0,0.0,1.0,0.0,5504.0,19464.0,24968.0,8497.0,2326.0,17463.0,28286.0,464531.0,199354.0,1342.0,665227.0,210439.0,222712.0,8.0,433159.0,177283.0,124228.0,11715.0,19421.0,1431033.0,24807.0,25475.0,23.54,2.57,0.606,0.771,317.83,5158.0,69709.0,73.99332,AAA,0.7292106,Missouri
MT,1988.0,4165.41,10336.0,6209.03,19331.31,147046.0,12105000.0,236000000.0,75017000.0,4706.0,35328.0,40034.0,485.0,2123.0,2608.0,33598.0,116717.0,150315.0,3520.0,12273.0,15793.0,38304.0,152045.0,190349.0,4005.0,14396.0,18401.0,1137.0,66251.0,67388.0,53.0,0.0,2327.0,2380.0,69768.0,0.0,53.0,0.0,1137.0,53.1,31.6,15.3,67.5,22.9,9.6,0.0,0.0,0.0,0.0,0.0,0.0,1928.0,4574.0,6502.0,184.0,0.0,1839.0,2023.0,191070.0,57652.0,9217.0,257939.0,42087.0,21356.0,4178.0,67621.0,16843.0,19424.0,13958.0,1723.0,377508.0,23744.0,24180.0,23.74,3.21,0.513,0.655,238.51,808.0,147046.0,5.4948792,AA,0.6836273,Montana
NE,1988.0,5423.15,23621.0,14873.69,29966.97,77358.0,9036000.0,289000000.0,160000000.0,25688.0,33785.0,59473.0,469.0,7711.0,8180.0,35102.0,177951.0,213053.0,3277.0,25251.0,28528.0,60790.0,211736.0,272526.0,3746.0,32962.0,36708.0,437.0,87211.0,87648.0,44.0,11.0,4999.0,5054.0,92702.0,11.0,33.0,0.0,437.0,50.3,23.6,26.1,68.8,25.5,5.7,0.0,0.0,0.0,0.0,1.0,0.0,1994.0,6966.0,8960.0,734.0,93.0,4834.0,5661.0,244117.0,192494.0,34598.0,471209.0,51993.0,126578.0,444.0,179015.0,43639.0,42934.0,15349.0,27120.0,779266.0,23214.0,23698.0,22.21,2.03,0.781,0.635,304.88,1593.0,77355.0,20.593369,X,0.88750255,Nebraska
NV,1988.0,2782.09,19384.0,6537.47,25760.58,110567.0,12154000.0,188000000.0,76017000.0,0.0,0.0,0.0,0.0,0.0,0.0,0.0,0.0,0.0,0.0,0.0,0.0,0.0,0.0,0.0,0.0,0.0,0.0,480.0,40701.0,41181.0,65.0,32.0,4500.0,4597.0,45778.0,20.0,45.0,0.0,480.0,59.5,14.3,26.2,811.0,13.2,5.7,0.0,0.0,0.0,0.0,0.0,0.0,1522.0,2957.0,4479.0,1147.0,579.0,4692.0,6418.0,168487.0,10557.0,2640.0,181684.0,58785.0,14637.0,1048.0,74470.0,23360.0,24049.0,12962.0,16786.0,333311.0,30929.0,31617.0,20.67,3.33,0.478,0.994,236.94,1284.0,110567.0,11.612868,AA,0.60408235,Nevada
NH,1988.0,2401.79,20324.0,4541.76,13374.03,9351.0,12158000.0,117000000.0,146000000.0,12430.0,58654.0,71084.0,555.0,9422.0,9977.0,39037.0,61431.0,100468.0,3699.0,44484.0,48183.0,51467.0,120085.0,171552.0,4254.0,53906.0,58160.0,176.0,11893.0,12069.0,48.0,40.0,2781.0,2869.0,14938.0,13.0,35.0,21.0,155.0,74.5,21.8,3.7,69.3,27.0,3.7,0.0,0.0,0.0,0.0,0.0,1.0,1330.0,5025.0,6355.0,712.0,448.0,2552.0,3712.0,86815.0,37694.0,0.0,124509.0,98469.0,66752.0,106.0,165327.0,96270.0,46005.0,21722.0,4533.0,458366.0,26304.0,27116.0,26.4,3.09,0.482,1.115,209.89,1105.0,9351.0,118.16918,AA,0.7254332,New Hampshire
NJ,1988.0,15409.0,155077.0,37458.49,111049.0,8722.0,70674000.0,691000000.0,537000000.0,498494.0,436924.0,935418.0,38105.0,129416.0,167521.0,10398.0,95880.0,106278.0,4801.0,25387.0,30188.0,508892.0,532804.0,1041696.0,42906.0,154803.0,197709.0,113.0,10955.0,11068.0,300.0,306.0,23423.0,24029.0,35097.0,246.0,54.0,56.0,57.0,72.5,16.3,11.2,74.4,17.7,7.9,0.0,0.0,0.0,0.0,0.0,1.0,2124.0,9726.0,11850.0,8110.0,5734.0,33716.0,47560.0,1250419.0,100871.0,0.0,1351290.0,358862.0,342765.0,0.0,701627.0,381121.0,254093.0,238792.0,220850.0,3147773.0,35532.0,37039.0,27.28,7.11,0.75,1.175,320.62,7760.0,8722.0,889.7042,AA1,0.9079343,New Jersey
NM,1988.0,4388.96,21618.0,9192.05,29698.23,121598.0,15861000.0,258000000.0,111000000.0,27850.0,49279.0,77129.0,0.0,0.0,0.0,63130.0,176558.0,239688.0,0.0,0.0,0.0,90980.0,225837.0,316817.0,0.0,0.0,52572.0,907.0,54054.0,54961.0,91.0,3.0,5757.0,5851.0,60812.0,26.0,65.0,10.0,897.0,63.6,15.3,21.1,66.0,14.7,19.3,0.0,0.0,0.0,0.0,0.0,0.0,3659.0,7989.0,11648.0,1202.0,2.0,5600.0,6804.0,245616.0,38902.0,6033.0,290551.0,63812.0,38326.0,5674.0,107812.0,65312.0,26275.0,2532.0,2014.0,494496.0,25083.0,26013.0,22.47,2.68,0.592,2.241,298.37,1548.0,121598.0,12.730473,AA1,0.6829584,New Mexico
NY,1988.0,37413.16,334914.0,136677.7,234991.6,54475.0,26813000.0,2000000000.0,1740000000.0,659716.0,1156753.0,1816469.0,6566.0,139131.0,145697.0,308954.0,79800.0,388754.0,104087.0,37561.0,141648.0,968670.0,1236553.0,2205223.0,110653.0,176692.0,287345.0,797.0,71792.0,72589.0,703.0,857.0,37733.0,39293.0,111882.0,385.0,318.0,52.0,745.0,69.5,16.3,14.2,77.4,17.2,5.4,0.0,1.0,0.0,0.0,0.0,1.0,5381.0,24961.0,30342.0,14475.0,14327.0,50737.0,79539.0,1172069.0,1220310.0,176.0,2392555.0,606776.0,1839465.0,200.0,2446441.0,616785.0,283252.0,586457.0,409463.0,6734953.0,33575.0,34776.0,29.27,4.76,0.727,0.978,426.54,18058.0,54475.0,331.49152,A,0.85443634,New York
NC,1988.0,10338.95,96632.0,27589.03,92268.96,53821.0,78438000.0,648000000.0,451000000.0,64284.0,356506.0,420790.0,2913.0,285614.0,288527.0,95113.0,304887.0,400000.0,8739.0,86962.0,95701.0,159397.0,661393.0,820790.0,11652.0,372576.0,384228.0,633.0,73672.0,74305.0,337.0,260.0,21126.0,21723.0,96028.0,87.0,250.0,18.0,615.0,70.9,7.1,22.0,74.5,14.3,11.2,0.0,0.0,0.0,1.0,0.0,0.0,6237.0,27529.0,33766.0,6050.0,2464.0,25258.0,33772.0,772594.0,127328.0,10329.0,910251.0,362139.0,86571.0,1044.0,449754.0,127094.0,203642.0,28870.0,17703.0,1737314.0,24581.0,25105.0,25.82,1.92,0.448,0.826,250.09,6737.0,53821.0,125.17419,AAA,0.17727639,North Carolina
ND,1988.0,3129.3,8601.0,5019.72,20859.28,70704.0,1181000.0,144000000.0,89492000.0,12595.0,38445.0,51040.0,244.0,1285.0,1529.0,19318.0,52728.0,72046.0,3279.0,25233.0,28512.0,31913.0,91173.0,123086.0,3523.0,26518.0,30041.0,531.0,84378.0,84909.0,40.0,0.0,1778.0,1818.0,86727.0,3.0,37.0,0.0,531.0,64.6,21.1,14.3,73.3,19.6,7.1,0.0,0.0,0.0,0.0,0.0,0.0,1012.0,3485.0,4497.0,188.0,0.0,1387.0,1575.0,93070.0,45587.0,15.0,138672.0,34178.0,50244.0,2185.0,86607.0,20627.0,15228.0,6931.0,13499.0,281564.0,21716.0,22248.0,53.34,1.02,0.581,2.157,328.51,635.0,70704.0,8.981104,AA,0.905188,North Dakota
OH,1988.0,23735.85,170707.0,56826.91,152935.7,44828.0,29341000.0,1030000000.0,693000000.0,221034.0,317734.0,538768.0,18514.0,67884.0,86398.0,87218.0,196244.0,283462.0,27324.0,285261.0,312585.0,308252.0,513978.0,822230.0,45838.0,353145.0,398983.0,847.0,81408.0,82255.0,726.0,381.0,30461.0,31568.0,113823.0,212.0,514.0,15.0,832.0,67.2,12.6,20.2,79.7,12.2,8.1,0.0,0.0,0.0,0.0,1.0,0.0,8276.0,29153.0,37429.0,15929.0,3608.0,38255.0,57792.0,679950.0,401989.0,211.0,1082150.0,460687.0,504058.0,23.0,964768.0,335689.0,213155.0,51708.0,109564.0,2757034.0,27157.0,27951.0,22.5,3.66,0.467,0.704,269.34,10939.0,44828.0,244.02159,AA,0.8190838,Ohio
OK,1988.0,6698.98,45128.0,16765.62,64872.43,69903.0,9097000.0,453000000.0,270000000.0,49705.0,155221.0,204926.0,2411.0,5119.0,7530.0,13592.0,114963.0,128555.0,3148.0,74386.0,77534.0,63297.0,270184.0,333481.0,5559.0,79505.0,85064.0,715.0,98958.0,99673.0,214.0,136.0,12444.0,12794.0,112467.0,72.0,142.0,0.0,715.0,62.8,18.0,19.2,69.1,25.5,5.4,0.0,0.0,0.0,0.0,0.0,0.0,3705.0,13662.0,17367.0,3365.0,1831.0,12556.0,17752.0,320609.0,113422.0,4000.0,438031.0,88492.0,117914.0,17.0,206423.0,191811.0,41384.0,56248.0,85638.0,1019535.0,23145.0,23594.0,27.52,2.16,0.467,1.126,213.21,3175.0,69903.0,45.420082,AA,0.883402,Oklahoma
OR,1988.0,6837.71,39101.0,16140.43,40897.2,98386.0,22951000.0,427000000.0,244000000.0,20270.0,141847.0,162117.0,9788.0,49226.0,59014.0,36947.0,118079.0,155026.0,18564.0,59139.0,77703.0,57217.0,259926.0,317143.0,28352.0,108365.0,136717.0,581.0,85427.0,86008.0,146.0,53.0,9829.0,10028.0,96036.0,58.0,88.0,21.0,560.0,54.3,29.5,16.2,65.5,28.9,5.6,0.0,0.0,0.0,0.0,0.0,0.0,3812.0,11724.0,15536.0,2966.0,971.0,8453.0,12390.0,335881.0,201205.0,10798.0,547884.0,120773.0,168155.0,7523.0,296451.0,64501.0,73433.0,14067.0,24162.0,1020498.0,27778.0,28609.0,27.54,7.14,0.456,0.665,252.68,2922.0,98386.0,29.699348,AA,0.51618266,Oregon
PA,1988.0,24206.95,177793.0,59912.6,162151.9,46058.0,62654000.0,1500000000.0,1080000000.0,315428.0,409182.0,724610.0,12640.0,342892.0,355532.0,295404.0,265133.0,560537.0,43941.0,124571.0,168512.0,610832.0,674315.0,1285147.0,56581.0,467463.0,524044.0,1079.0,83343.0,84422.0,509.0,485.0,31622.0,32616.0,117038.0,111.0,398.0,18.0,1061.0,60.5,16.5,23.0,73.8,16.2,10.0,0.0,0.0,0.0,0.0,0.0,1.0,7381.0,29968.0,37349.0,8839.0,4656.0,38356.0,51851.0,1223271.0,125258.0,268.0,1348797.0,764351.0,744656.0,85.0,1509092.0,152494.0,443935.0,190151.0,225189.0,3869658.0,29870.0,30653.0,30.46,3.7,0.634,0.998,317.11,11961.0,46058.0,259.6943,A1,0.6218165,Pennsylvania
RI,1988.0,1980.89,14517.0,4332.13,9424.25,1545.0,5917000.0,168000000.0,26137000.0,24216.0,172300.0,196516.0,4785.0,16366.0,21151.0,4734.0,20313.0,25047.0,2051.0,4680.0,6731.0,28950.0,192613.0,221563.0,6836.0,21046.0,27882.0,21.0,1313.0,1334.0,49.0,68.0,4606.0,4723.0,6057.0,33.0,16.0,0.0,21.0,74.8,16.9,8.3,79.9,14.0,6.1,0.0,0.0,0.0,0.0,0.0,1.0,278.0,851.0,1129.0,1407.0,601.0,4422.0,6430.0,136323.0,4040.0,0.0,140363.0,23710.0,17136.0,6.0,40852.0,9798.0,28023.0,14684.0,19770.0,253490.0,31024.0,31778.0,31.17,3.35,0.483,0.885,247.97,1004.0,1545.0,649.8382,A1,0.7981088,Rhode Island
SC,1988.0,4777.93,44895.0,14869.23,52312.05,32007.0,18495000.0,335000000.0,195000000.0,32565.0,150992.0,183557.0,85.0,111198.0,111283.0,25330.0,198089.0,223419.0,0.0,15895.0,15895.0,57895.0,349081.0,406976.0,85.0,127093.0,127178.0,668.0,52969.0,53637.0,142.0,70.0,10309.0,10521.0,64158.0,51.0,91.0,16.0,652.0,70.6,10.6,18.8,76.6,12.1,11.3,0.0,0.0,0.0,1.0,0.0,0.0,5945.0,15168.0,21113.0,2427.0,589.0,10920.0,13936.0,332967.0,31128.0,28.0,364123.0,156266.0,43893.0,40.0,200199.0,52696.0,86404.0,917.0,824.0,705163.0,24142.0,24336.0,24.89,2.66,0.443,0.851,218.8,3560.0,32007.0,111.22567,AAA,0.34066662,South Carolina
SD,1988.0,3227.74,8284.0,5421.95,11763.85,77121.0,2352000.0,173000000.0,89132000.0,8696.0,46384.0,55080.0,648.0,1537.0,2185.0,22248.0,111723.0,133971.0,5088.0,24580.0,29668.0,30944.0,158107.0,189051.0,5736.0,26117.0,31853.0,631.0,80814.0,81445.0,47.0,3.0,1810.0,1860.0,83305.0,0.0,47.0,0.0,631.0,72.9,16.4,10.7,80.6,16.9,2.5,0.0,0.0,0.0,0.0,0.0,0.0,1354.0,4324.0,5678.0,229.0,17.0,1294.0,1540.0,159816.0,68946.0,1516.0,230278.0,33371.0,68300.0,3757.0,105428.0,21403.0,30636.0,843.0,1813.0,390401.0,21562.0,22336.0,12.8,1.22,0.47,0.47,204.59,703.0,77121.0,9.115545,X,0.88196844,South Dakota
TN,1988.0,11110.42,72003.0,26911.07,71707.9,42146.0,38611000.0,724000000.0,352000000.0,79292.0,109327.0,188619.0,18005.0,27009.0,45014.0,37419.0,343240.0,380659.0,27008.0,108025.0,135033.0,116711.0,452567.0,569278.0,45013.0,135034.0,180047.0,740.0,67776.0,68516.0,322.0,114.0,16085.0,16521.0,85037.0,141.0,181.0,25.0,715.0,65.0,13.9,21.1,69.9,20.5,9.6,0.0,0.0,0.0,1.0,0.0,0.0,6603.0,15998.0,22601.0,6473.0,871.0,20049.0,27393.0,613158.0,106790.0,5777.0,725725.0,192392.0,225319.0,70.0,417781.0,84136.0,59239.0,6057.0,16894.0,1309832.0,24812.0,25975.0,22.78,1.93,0.443,0.834,220.25,4953.0,42146.0,117.52005,AAA,0.83149475,Tennessee
TX,1988.0,36718.22,289009.0,94351.33,369738.5,268601.0,143000000.0,2980000000.0,1180000000.0,299955.0,715039.0,1014994.0,34146.0,107606.0,141752.0,156428.0,807390.0,963818.0,162540.0,355502.0,518042.0,456383.0,1522429.0,1978812.0,196686.0,463108.0,659794.0,2203.0,212807.0,215010.0,1031.0,1212.0,76889.0,79132.0,294142.0,555.0,476.0,45.0,2158.0,60.5,20.4,19.1,73.2,19.8,7.0,0.0,0.0,0.0,1.0,0.0,0.0,12612.0,44556.0,57168.0,23998.0,15234.0,66929.0,106161.0,1701015.0,578592.0,3282.0,2282889.0,564131.0,898897.0,67.0,1463095.0,473048.0,804375.0,351868.0,246617.0,5621892.0,24957.0,25297.0,31.76,2.66,0.322,0.748,221.41,17349.0,268601.0,64.590225,AA,0.73039025,Texas
UT,1988.0,4317.48,22374.0,12235.57,23711.81,84904.0,2650000.0,269000000.0,120000000.0,47041.0,69962.0,117003.0,13300.0,11140.0,24440.0,36446.0,77545.0,113991.0,12500.0,20560.0,33060.0,83487.0,147507.0,230994.0,25800.0,31700.0,57500.0,769.0,33633.0,34402.0,168.0,9.0,5929.0,6106.0,40508.0,111.0,57.0,17.0,752.0,60.6,21.6,17.8,73.6,20.7,5.7,0.0,0.0,0.0,0.0,0.0,0.0,2309.0,3633.0,5942.0,3321.0,90.0,6954.0,10365.0,182428.0,68600.0,5782.0,256810.0,59893.0,72110.0,1471.0,133474.0,40831.0,33745.0,0.0,0.0,464860.0,24221.0,25060.0,24.44,2.63,0.466,1.481,208.36,1770.0,84904.0,20.847075,AAA,0.6942053,Utah
VT,1988.0,1819.61,8834.0,2951.11,7667.97,9615.0,2032000.0,82864000.0,83575000.0,1240.0,46248.0,47488.0,195.0,743.0,938.0,13511.0,48863.0,62374.0,1432.0,7378.0,8810.0,14751.0,95111.0,109862.0,1627.0,8121.0,9748.0,280.0,12562.0,12842.0,40.0,20.0,1264.0,1324.0,14166.0,0.0,40.0,0.0,280.0,80.1,14.8,5.1,79.7,16.0,4.3,0.0,0.0,0.0,0.0,0.0,1.0,1011.0,3304.0,4315.0,284.0,51.0,1369.0,1704.0,87148.0,36942.0,0.0,124090.0,36024.0,54112.0,15.0,90151.0,15067.0,21072.0,2015.0,5990.0,258385.0,24989.0,25253.0,32.83,2.13,0.491,0.82,263.2,567.0,9615.0,58.97036,AA,0.7927112,Vermont
VA,1988.0,14931.72,99942.0,29694.37,79632.23,42769.0,140000000.0,1110000000.0,602000000.0,60013.0,336862.0,396875.0,34331.0,171618.0,205949.0,46316.0,182575.0,228891.0,66071.0,157167.0,223238.0,106329.0,519437.0,625766.0,100402.0,328785.0,429187.0,788.0,52060.0,52848.0,318.0,194.0,15069.0,15581.0,68429.0,138.0,180.0,118.0,670.0,68.8,16.6,14.6,78.1,16.6,5.3,0.0,0.0,0.0,1.0,0.0,0.0,7511.0,22259.0,29770.0,8174.0,2263.0,23240.0,33677.0,649972.0,202473.0,8895.0,861340.0,468402.0,187345.0,30.0,655777.0,143235.0,168008.0,99058.0,190483.0,2117901.0,29028.0,29528.0,25.33,2.72,0.495,0.795,269.71,6286.0,42769.0,146.97562,AAA,0.1494758,Virginia
WA,1988.0,12142.25,71593.0,41994.39,72362.78,71303.0,30019000.0,689000000.0,348000000.0,222494.0,192792.0,415286.0,9553.0,21089.0,30642.0,26177.0,234796.0,260973.0,7031.0,26629.0,33660.0,248671.0,427588.0,676259.0,16584.0,47718.0,64302.0,501.0,61709.0,62210.0,262.0,302.0,16654.0,17218.0,79428.0,158.0,104.0,96.0,405.0,64.9,24.6,10.5,70.0,25.6,4.4,0.0,0.0,0.0,0.0,0.0,0.0,3563.0,13129.0,16692.0,8350.0,3841.0,20503.0,32694.0,501683.0,332102.0,3923.0,837708.0,193795.0,267382.0,2431.0,463608.0,239299.0,173064.0,72751.0,95899.0,1882329.0,29721.0,30132.0,28.29,2.37,0.524,0.976,306.82,5018.0,71303.0,70.37572,AA,0.6784821,Washington
WV,1988.0,7562.87,23738.0,10902.86,37422.09,24231.0,9978000.0,258000000.0,193000000.0,18925.0,120989.0,139914.0,5204.0,59219.0,64423.0,37245.0,290280.0,327525.0,15215.0,65377.0,80592.0,56170.0,411269.0,467439.0,20419.0,124596.0,145015.0,456.0,31452.0,31908.0,94.0,9.0,3034.0,3137.0,35045.0,9.0,85.0,23.0,433.0,70.1,12.9,17.0,72.9,15.0,12.1,0.0,0.0,0.0,1.0,0.0,0.0,2979.0,8853.0,11832.0,1169.0,414.0,3063.0,4646.0,356770.0,13858.0,134.0,370762.0,161301.0,48540.0,41.0,209882.0,31528.0,38247.0,29209.0,41355.0,720983.0,23614.0,23939.0,26.51,3.04,0.535,0.961,305.65,1801.0,24231.0,74.32628,A1,0.06974371,West Virginia
WI,1988.0,10981.49,75299.0,26585.22,65617.75,65503.0,2703000.0,611000000.0,470000000.0,26875.0,205270.0,232145.0,1390.0,9528.0,10918.0,36422.0,381434.0,417856.0,4988.0,57700.0,62688.0,63297.0,586704.0,650001.0,6378.0,67228.0,73606.0,495.0,94892.0,95387.0,143.0,178.0,15270.0,15591.0,110978.0,56.0,87.0,50.0,445.0,77.0,9.7,13.3,76.5,14.2,9.3,0.0,0.0,0.0,0.0,1.0,0.0,4236.0,20781.0,25017.0,2988.0,2216.0,17407.0,22611.0,626822.0,384652.0,1.0,1011475.0,116788.0,423045.0,1569.0,541402.0,128447.0,261228.0,72021.0,135877.0,2150450.0,27228.0,27826.0,2.08,1.65,0.44,1.083,171.78,4955.0,65503.0,75.64539,AA,0.8810719,Wisconsin
WY,1988.0,3571.6,10511.0,6117.12,24963.6,97818.0,2105000.0,183000000.0,81656000.0,2778.0,22867.0,25645.0,791.0,1731.0,2522.0,39675.0,93466.0,133141.0,5815.0,21789.0,27604.0,42453.0,116333.0,158786.0,6606.0,23520.0,30126.0,827.0,34429.0,35256.0,87.0,3.0,2296.0,2386.0,37642.0,0.0,87.0,0.0,827.0,41.2,24.4,34.4,55.1,34.7,10.2,0.0,0.0,0.0,0.0,0.0,0.0,1746.0,2858.0,4604.0,261.0,8.0,1344.0,1613.0,127015.0,34114.0,12506.0,173635.0,52018.0,34989.0,900.0,87907.0,24522.0,23896.0,187.0,1159.0,311306.0,23275.0,23522.0,18.08,1.26,0.555,0.555,268.0,460.0,97818.0,4.702611,X,0.6891839,Wyoming
,,,,,,,,,,,,,,,,,,,,,,,,,,,,,,,,,,,,,,,,,,,,,,,,,,,,,,,,,,,,,,,,,,,,,,,,,,,,,,,,,,,0.75312436,
,,,,,,,,,,,,,,,,,,,,,,,,,,,,,,,,,,,,,,,,,,,,,,,,,,,,,,,,,,,,,,,,,,,,,,,,,,,,,,,,,,,0.7742752,
,,,,,,,,,,,,,,,,,,,,,,,,,,,,,,,,,,,,,,,,,,,,,,,,,,,,,,,,,,,,,,,,,,,,,,,,,,,,,,,,,,,0.75320244,
